DexNum,Name,DexCondition1,NumToComplete1,DexCondition2,NumToComplete2,TypeQualifier2,IsAttacker2,DexCondition3,NumToComplete3,TypeQualifier3,IsAttacker3,DexCondition4,NumToComplete4,TypeQualifier4,IsAttacker4,DexCondition5,NumToComplete5,TypeQualifier5,IsAttacker5,DexCondition6,NumToComplete6,TypeQualifier6,IsAttacker6,DexCondition7,NumToComplete7,TypeQualifier7,IsAttacker7,DexCondition8,NumToComplete8,TypeQualifier8,IsAttacker8,DexCondition9,NumToComplete9,TypeQualifier9,IsAttacker9
42,Floatzel,Number caught,15,Number of alpha specimens caught,3,,FALSE,Number you've defeated with Grass-type moves,20,Grass,FALSE,Times you've seen it use Water Pulse,40,Water,TRUE,Times you've seen it use an agile style move,25,,FALSE,,,,,,,,,,,,,,,,
57,Raichu,Number caught,10,Number defeated,10,,FALSE,Number you've defeated with Ground-type moves,10,Ground,FALSE,Times you've seen it use Iron Tail,40,Steel,TRUE,Times you've seen it use Thunder,70,Electric,TRUE,Times you've seen it use an agile style move,15,,FALSE,,,,,,,,,,,,
71,Vespiquen,Number caught,15,Number of heavy specimens you've caught,7,,FALSE,Number defeated,15,,FALSE,Number you've defeated with Fire-type moves,10,Fire,FALSE,Times you've seen it use Air Slash,25,Flying,TRUE,Times you've seen it use Bug Buzz,40,Bug,TRUE,Times you've seen it use an agile style move,15,,FALSE,Number you've seen leap out of trees,5,,FALSE,,,,
88,Blissey,Number caught,15,Number you've defeated with Fighting-type moves,10,Fighting,FALSE,Times you've seen it use Draining Kiss,40,Fairy,TRUE,Times you've seen it use Double-Edge,25,Normal,TRUE,Times you've seen it use a strong style move,15,,FALSE,,,,,,,,,,,,,,,,
91,Roserade,Number caught,10,Number defeated,10,,FALSE,Number you've defeated with Flying-type moves,3,Flying,FALSE,Times you've seen it use Energy Ball,25,Grass,TRUE,Times you've seen it use Petal Dance,40,Grass,TRUE,Times you've seen it use an agile style move,40,,FALSE,Times you've stunned it by using items,10,,FALSE,Number of different forms you've obtained,2,,FALSE,,,,
97,Barboach,Number caught,15,Number you've caught without being spotted,20,,FALSE,Number defeated,15,,FALSE,Number you've defeated with Grass-type moves,10,Grass,FALSE,Times you've seen it use Mud-Slap,25,Ground,TRUE,Times you've seen it use Mud Bomb,25,Ground,TRUE,Times you've given it food,10,,FALSE,Number you've evolved,1,,FALSE,,,,
98,Whiscash,Number caught,15,Number of heavy specimens you've caught,10,,FALSE,Number defeated,15,,FALSE,Number you've defeated with Grass-type moves,20,Grass,FALSE,Times you've seen it use Mud Bomb,25,Ground,TRUE,Times you've seen it use Aqua Tail,40,Water,TRUE,Times you've seen it use a strong style move,25,,FALSE,,,,,,,,
104,Gallade,Number caught,10,Number you've defeated with Ghost-type moves,5,Ghost,FALSE,Times you've seen it use Swords Dance,25,,FALSE,Times you've seen it use Close Combat,40,Fighting,TRUE,Times you've seen it use an agile style move,70,,FALSE,Times you've stunned it by using items,5,,FALSE,,,,,,,,,,,,
105,Yanma,Number caught,25,Number caught in the evening,20,,FALSE,Number defeated,15,,FALSE,Number you've defeated with Rock-type moves,10,Rock,FALSE,Times you've seen it use Ancient Power,40,Rock,TRUE,Number you've evolved,1,,FALSE,,,,,,,,,,,,
108,Hippowdon,Number caught,15,Number defeated,15,,FALSE,Number you've defeated with Ice-type moves,25,Ice,FALSE,Times you've seen it use Mud Bomb,40,Ground,TRUE,Times you've seen it use a strong style move,40,,FALSE,Times you've stunned it with items,5,,FALSE,,,,,,,,,,,,
113,Ursaring,Number caught,15,Number defeated,40,,FALSE,Number you've defeated with Fighting-type moves,20,Fighting,FALSE,Times you've seen it use Bulldoze,40,Ground,TRUE,Times you've seen it use Slash,25,Normal,TRUE,,,,,,,,,,,,,,,,
120,Rhyhorn,Number caught,25,Number of heavy specimens you've caught,10,,FALSE,Number defeated,25,,FALSE,Number you've defeated with Grass-type moves,25,Grass,FALSE,Times you've seen it use Stealth Rock,25,Rock,TRUE,,,,,,,,,,,,,,,,
124,Sudowoodo,Number caught,25,Number defeated,15,,FALSE,Number you've defeated with Water-type moves,10,Water,FALSE,Times you've scared it off with a Scatter Bang,5,,FALSE,,,,,,,,,,,,,,,,,,,,
126,Lickilicky,Number caught,10,Number of alpha specimens caught,3,,FALSE,Number defeated,10,,FALSE,Number you've defeated with Fighting-type moves,3,Fighting,FALSE,Times you've seen it use Zen Headbutt,25,Psychic,TRUE,Times you've seen it use Giga Impact,40,Normal,TRUE,Times you've seen it use a strong style move,40,,FALSE,Times you've stunned it by using items,3,,FALSE,,,,
132,Torterra,Number caught,5,Number defeated,5,,FALSE,Number you've defeated with Ice-type moves,3,Ice,FALSE,Times you've seen it use Wood Hammer,40,Grass,TRUE,Times you've seen it use Headlong Rush,40,Ground,TRUE,Times you've seen it use a strong style move,40,,FALSE,,,,,,,,,,,,
140,Murkrow,Number caught,25,Number caught at night,20,,FALSE,Number defeated,25,,FALSE,Number you've defeated with Rock-type moves,20,Rock,FALSE,Times you've seen it use Roost,25,,FALSE,,,,,,,,,,,,,,,,
141,Honchkrow,Number caught,10,Number you've caught while they were in the air,5,,FALSE,Number defeated,10,,FALSE,Number you've defeated with Fairy-type moves,3,Fairy,FALSE,Times you've seen it use Snarl,25,Dark,TRUE,Times you've seen it use Dark Pulse,40,Dark,TRUE,Times you've seen it use a strong style move,40,,FALSE,,,,,,,,
154,Machop,Number caught,15,Number defeated,40,,FALSE,Number you've defeated with Flying-type moves,25,Fighting,FALSE,Times you've seen it use Rock Smash,25,Fighting,TRUE,Times you've seen it use a strong style move,25,,FALSE,,,,,,,,,,,,,,,,
160,Dusknoir,Number caught,10,Number defeated,5,,FALSE,Number you've defeated with Dark-type moves,5,Dark,FALSE,Times you've seen it use Dark Pulse,25,Dark,TRUE,Times you've seen it use Shadow Ball,40,Ghost,TRUE,Times you've seen it use a strong style move,70,,FALSE,Times you've stunned it by using items,5,,FALSE,,,,,,,,
164,Mantyke,Number caught,15,Number of small specimens you've caught,7,,FALSE,Number defeated,15,,FALSE,Number you've defeated with Electric-type moves,10,Electric,FALSE,Times you've seen it use Water Pulse,25,Water,TRUE,Number you've evolved,1,,FALSE,,,,,,,,,,,,
165,Mantine,Number caught,15,Number of large specimens you've caught,7,,FALSE,Number defeated,15,,FALSE,Number you've defeated with Electric-type moves,20,Electric,FALSE,Times you've seen it use Air Slash,40,Flying,TRUE,Times you've seen it use Double-Edge,25,Normal,TRUE,Times you've seen it use an agile style move,25,,FALSE,,,,,,,,
170,Tentacool,Number caught,15,Number of light specimens you've caught,7,,FALSE,Number defeated,25,,FALSE,Number you've defeated with Electric-type moves,20,Electric,FALSE,Times you've seen it use Bubble,25,Water,TRUE,,,,,,,,,,,,,,,,
171,Tentacruel,Number caught,15,Number defeated,15,,FALSE,Number you've defeated with Electric-type moves,10,Electric,FALSE,Times you've seen it use Poison Jab,25,Poison,TRUE,Times you've seen it use Hydro Pump,40,Water,TRUE,Times you've seen it use an agile style move,70,,FALSE,,,,,,,,,,,,
173,Lumineon,Number caught,15,Number defeated,15,,FALSE,Number you've defeated with Electric-type moves,10,Electric,FALSE,Times you've seen it use Silver Wind,40,Bug,TRUE,Times you've seen it use an agile style move,40,,FALSE,,,,,,,,,,,,,,,,
177,Magnemite,Number caught,15,Number of light specimens you've caught,5,,FALSE,Number defeated,15,,FALSE,Number you've defeated with Ground-type moves,10,Ground,FALSE,Times you've seen it use Thunder Shock,25,Electric,TRUE,Times you've seen it use Thunder Wave,25,,FALSE,,,,,,,,,,,,
184,Electivire,Number caught,10,Number defeated,10,,FALSE,Number you've defeated with Ground-type moves,3,Ground,FALSE,Times you've seen it use Thunder Wave,25,,FALSE,Times you've seen it use Thunder Punch,40,Electric,TRUE,Times you've seen it use a strong style move,40,,FALSE,,,,,,,,,,,,
186,Gliscor,Number caught,10,Number defeated,10,,FALSE,Number you've defeated with Water-type moves,3,Water,FALSE,,,,,,,,,,,,,,,,,,,,,,,,
187,Gible,Number caught,25,Number of heavy specimens you've caught,7,,FALSE,Number defeated,15,,FALSE,Number you've defeated with Ice-type moves,10,Ice,FALSE,Times you've seen it use Twister,25,Dragon,TRUE,Times you've seen it use Slash,40,Normal,TRUE,,,,,,,,,,,,
189,Garchomp,Number caught,10,Number defeated,10,,FALSE,Number you've defeated with Fairy-type moves,3,Fairy,FALSE,Times you've seen it use Dragon Claw,40,Dragon,TRUE,,,,,,,,,,,,,,,,,,,,
198,Mismagius,Number caught,10,Number defeated,10,,FALSE,Number you've defeated with Dark-type moves,3,Dark,FALSE,Times you've stunned it by using items,5,,FALSE,Times you've seen it use an agile style move,40,,FALSE,,,,,,,,,,,,,,,,
206,Glalie,Number caught,25,Number defeated,40,,FALSE,Number you've defeated with Steel-type moves,25,Steel,FALSE,Times you've seen it use Ice Fang,40,Ice,TRUE,Times you've seen it use Crunch,25,Dark,TRUE,Times you've seen it use a strong style move,15,,FALSE,,,,,,,,,,,,
216,Avalugg,Number caught,15,Number of heavy specimens you've caught,7,,FALSE,Number you've defeated with Fighting-type moves,25,Fighting,FALSE,Times you've seen it use Mountain Gale,40,Ice,TRUE,Times you've seen it use Blizzard,25,Ice,TRUE,Times you've seen it use a strong style move,40,,FALSE,,,,,,,,,,,,
218,Abomasnow,Number caught,15,Number defeated,25,,FALSE,Number you've defeated with Fire-type moves,20,Fire,FALSE,Times you've seen it use Blizzard,25,Ice,TRUE,Times you've seen it use Wood Hammer,40,Grass,TRUE,Times you've seen it use an strong style move,70,,FALSE,,,,,,,,,,,,
224,Lucario,Number caught,15,Number defeated,15,,FALSE,Number you've defeated with Fire-type moves,10,Fire,FALSE,Times you've seen it use Aura Sphere,70,Fighting,TRUE,Times you've seen it use Close Combat,40,Fighting,TRUE,Times you've seen it use an agile style move,70,,FALSE,Times you've stunned it by using items,20,,TRUE,,,,,,,,
